"chr_name","Wochenende_Nanopore_Loman"
"P. aeruginosa",1.77061008524318
"S. enterica",2.85191727352157
"E. coli",2.67768195156454
"L. fermentum",19.8872902759485
"E. faecalis",7.76720452565737
"S. aureus",9.01395166193714
"L. monocytogenes",9.77099850921865
"B. subtilis",0.29219579216186
"C. neoformans",0
"S. cerevisiae",0
